Query,General (0) vs. Specific (1),Objective (0) vs. Subjective (1),Indirect (0) vs. Direct (1),Simple (0) vs. Compound (AND/OR) Logic (1),Negation (1),Analogical (1),Temporal (1),Correct Answer,correct_description,Correct_explanation,Option 1,description_1,explanation_1,Option 2,description_2,explanation_2,Option 3,description_3,explanation_3,Option 4,description_4,explanation_4,,,
I'm looking for avocado based baby food,0,1,0,0,0,0,0,1146eca54c: Avocado Puree,Mashed avocado that is soft and savory,,6205d00920: Avocado Beef Burgers,meat burgers with avocado and eggs,Babies cannot eat burger because they don't have teeth ,3402fc4dab: Beer-Battered Fried Avocado Wedges,Beer-Battered Fried Avocado Wedges,Babies cannot drink beer.,1b1a6f9c7b: Avocado Pizza,Pizza with avocado and cheese,Babies cannot eat pizza because they don't have teeth ,1c5a779885: Avocado Dressing,"Dressing made with lemon juice,evaporated milk and avocado.",It is not a meal.,,,
What foods should I prepare for my one year old to eat for lunch?,0,1,0,0,0,0,0,6c40c9e2aa: Pumpkin Baby Food,Mashed pumpkin that is sweet,,06354fc0d3: Grilled Ribs,Grilled pork spare ribs,"Babies don't have teeth, so they can't chew ribs",3358152415: Peppercorn Steak - Spicy Peppered Steaks,Strips of steak heavily seasoned with pepper,A one-year-old baby cannot chew steak.,47af66900e: Fried Chicken,Fried chicken breast halves and chicken legs,A one-year-old baby cannot chew chicken.,338324783f: Crispy Chicken,crunchy deep fried chicken breasts,A one-year-old baby cannot chew chicken.,,,
"I want a baby food recipe that contains a variety of vitamins from natural sources, such as fruits",0,0,0,0,0,0,0,"1dd0628e05: Blueberry, pear and banana puree recipe","A blend of mashed banana with pear, and blueberry that is soft",,7bf0ef2014: Pure Banana Soft Serve,Bananas blended with chocolate syrup.,There is only one fruit in the ingredients.,188e092f2b: Banana Salad,Salad with banana slices and pecans,Babies don't have the teeth to chew banana slices and pecans.,45a724891d: Apple Cake,"Cake made with apples, eggs, and flour",There is only one fruit in the ingredients.,3bd5a034bc: Banana Eggnog for Adults,"A milk punch made with banana, egg yolk,vanilla and spiked with brandy ",Babies cannot drink eggnog.,,,
I'm looking for a way to introduce a source of leafy greens into my kids' diets,0,1,0,0,0,0,0,4937a89ad0: Green Vegetable Soup,"soup made with cabbage, celery, onions, broccoli florets, and vegetable broth",,04c8eae5b1: Green Chicken,Chicken breasts with green chili ,The recipe also contains meat. ,20b77f3205: Almond Tofu (Great for Toddlers), a high-protein dessert that uses Tofu with crushed almond,No green vegetable in the ingredients.,0ca3c462b7: Triple Hitter Muffins (Toddler Muffins),mini muffins with mashed carrots and applesauce,No green vegetable in the ingredients of the recipe.,0b39996fd6: Toddler Finger Food Apple Turkey Sticks,ground turkey blended and rolled into meatballs on a skewer along with apples pieces,No green vegetable in the ingredients of the recipe.,,,
I want to make a sweet milkshake for the kids,1,0,1,0,0,0,0,0bd950bcbd: Strawberry Milkshakes,milkshake made with fresh strawberries and ice cream,,9866d9ef46: Butterscotch-Chocolate Milkshake (Alcoholic),"Milkshake made with chocolate, milk and butterscotch blended with alcohol","The milkshake contains alcohol, and children cannot drink alcohol.",036f82a8e6: Ginger Beer,beer with ginger flavour,children cannot drink beer.,1c1aa53efd: Spicy Chocolate Milkshakes,Spicy Chocolate Milkshakes,The milkshake is spicy.,3e506ead95: Sweet Milk Cake,Sweet milk cake with fruit,Not milkshake.,,,
How to make a colorful fruit smoothie?,1,0,1,0,0,0,0,081424a0d7: Fruit Smoothie,"Smoothie made from light cranberry juice, banana, strawberries, and blueberries",,2222f1d56a: Banana and Rum Smoothie (Alcoholic),Smoothie made with bananas blended with rum and ice cream ,"The smoothie contains alcohol, and children cannot drink alcohol.",95c6c8faaf: Vegetable Smoothie,Smoothie with tomato juice and cucumbers,There is no fruit in the ingredients.,0e4059d2ce: Mojito Water,Lime water with mint,It is not a smoothie.,102ee63704: Sweet Potato Smoothie,smoothie made with sweet potatoes and milk,There is no fruit in the ingredients.,,,
Could I have a potato recipe for my baby who is teething,0,1,0,0,0,0,0,88761278df: Potato Puree,Mashed potatoes with butter and salt.,,565e109e8a: Pureed Carrot,Mashed carrot that is soft and sweet,It is not a potato recipe.,4907d43eb0: Crispy Potato Pancakes,Crispy potato pancakes with bacon.,Not soft.,878370ead7: Sweet Potato Soft Tacos,Sweet potato soft tacos,Sweet potatoes are not potatoes.,34f5728992: Fried Potatoes,Fried potatoes seasoned with salt and pepper,Not soft.,,,
"It's summer, and I wanted to make something sweet that would help me cool down.",0,0,0,0,0,0,0,0f56a80c6d: Homemade Ice Cream,ice cream made from vanilla and sweetened cream churned at home,,7285256c27: Bitter Melon Side Dish,Bitter melon side dish with chili peppers,Not sweet.,7b9325a970: Homemade Potato Salad,"Homemade salad with potato blended with milk, egg yolk, and onions",Not sweet.,1f93ee0ec5: Iced Coffee,Iced coffee made with espresso and fat-free whipped topping,Not sweet.,15dd889cd7: Creamy Cucumbers,cucumbers mixed with mayonnaise and sour cream,Not sweet.,,,
I want a healthy lunch,0,1,0,0,0,0,1,7e32f3aab4: Quick and Healthy Sweet Potato Lunch,nutritious meal made with sweet potato slices and ham,,730a537b5b: Unhealthy Quinoa Mac and Cheese,deep fried mac and cheese with quinoa,Deep fried is not healthy.,173499296b: Tortellini Appetizers,Appetizer made with Tortellini pasta,Not a lunch.,0dc5a67192: Healthy Breakfast Sandwich,breakfast sandwich made with eggs and ham,Not a lunch.,16af1b09b3: Healthy smoothie for breakfast,bananas and strawberries blended in milk,Not a lunch.,,,
How to make noodles like Chinese takeaway,1,0,1,0,0,0,0,8f99fe76ba: Pan-Fried Noodles,Pork noodles with chicken broth,,967f75147f: Noodles with Chicken,thin spaghetti with cooked chicken and carrots,Chinese don't use spaghetti.,05fb116338: Chicken Soup,Soup made with vegetables and Chicken,It is not noodle.,09b7280586: Chicken Fried Chicken,Chicken pieces that are coated in seasoned bread crumbs and deep fried,It is not noodle.,06485d9685: Chicken Salad,Salad made with vegetables and chicken,It is not noodle.,,,
"I'm craving a snack that is deep fried until golden brown, yet still somewhat healthy",0,1,0,0,0,0,0,"a1584a4251: Healthy, Crunchy Onion Rings","Crispy onion rings make with whole wheat flour, egg white, buttermilk, and onions",,016c32e55a: Soft Rolls,"Fluffy dinner rolls made with milk, sugar and eggs",It is not crunchy.,"914fbdeab2: Healthy, Hearty Italian Dinner","Healthy Italian style dinner made with onions, eggplants, yellow squash and carrots",It is not a snack.,52ab1059cb: Lunch Pasta,delicious pasta recipe for lunch,It is not a snack.,917cd5e59f: Fruit Milk Shake- Low Cal/Low Fat/ High Protein/No Sugar Added,Healthy milkshake with various fruit,It is not a snack.,,,
I want to make veggie chips since regular chips are too unhealthy,1,0,1,0,0,0,0,12baddfccc: Crispy Vegetable Chips,Baked crunchy vegetable chips,,4de3729699: Chocolate Chip Cupcakes with Chocolate Chip Frosting,Cupcakes made with chocolate chip and chocolate frosting,It is not made with vegetables. It is not a chip recipe.,899a6d9cdb: Vegetable Soup,soup made with green beans and other vegetables,It is not chip.,07684beeab: Cucumber Vegetable Salad,Salad made with cucumbers and other vegetables,It is not chip.,05760b4e80: Fish and Chips,"fried fish in crispy batter, served with chips",It is not made with vegetables.,,,
Surprise me with an unconventional noodle recipe ,0,0,0,0,1,0,0,0b321a3b33: Asian Vegetable Noodles,Noodles with vegetables from Asia,,95c6c8faaf: Vegetable Smoothie,tomato juice blended with cucumbers,It is not a noodle dish.,5110e415eb: Meat & Noodles Recipe,Noodles with chicken and eggs,Chicken is the meat.,862ce44a8f: Old Fashioned Chicken Noodle Soup With Soup Meat,Noodles with beef and chicken soup,There are meats in the soup.,03d486573a: Fruit Pizza,Pizza made with fruit toppings,Not noodle.,,,
Find me a purely vegan noodle recipe ,1,0,0,0,0,0,0,8e2e2d269a: Peanut Ginger Noodles - Vegan,Vegan type ginger and peanut noodles,,9540d5b87d: Vegan Meat Lovers Pizza,Pizza with beyond meat for vegans,Not noodle.,203e6ea3fb: Vegan Avocado Salad,Salad made with avocados and other vegetables,Not noodle.,0bb434b924: Beef Soup With Noodles,Noodles with beef soup,Not vegan.,6f3099f3e9: Tropical Vegan Drink,Vegan drink made from tropical fruit,Not noodle.,,,
What foods can I eat while having braces?,0,1,0,0,0,0,0,3d32fbf542: Soft vanilla cake,fluffy cake made with vanilla flavour,,12caf612a9: Beef Ribs,Chewy beef ribs,Not soft.,357d68289f: Hard Candy,Hard candy,Not soft.,07e55405bc: Fried Fruit Cookies,cookies with fried fruit,Not soft.,394f09dc90: Smoothie,milk blended with bananas and strawberries,Not food.,,,
I want to make use of the extra bottle of beer I have to bake some bread,1,0,0,0,0,0,0,11dda06ada: Beer Bread,"Beer bread made with honey, beer, flour, and sugar",,148675aff6: Beer Burgers,"Burger made with ground beef, vegetables, and beer",Not beer bread.,3ba683d045: Beer Sausages in Beer Sauce,Sausages cooked in a beer sauce,Not beer bread.,54d25c2f2a: Butter Beer Harry Potter Style (Non Alcoholic),Fake beer made from butterscotch,It is not a beer  bread recipe.,3534ab65be: Alcoholic Tea,Alcoholic tea with shots of whiskey,Not bread.,,,
I want a seafood soup recipe,1,0,1,0,0,0,0,99d5c40821: Seafood Soup,"Soup made with shrimp, onions, and scallops",,47f26aeb7c: Seafood Pan Fried Noodles,"Noodles made with scallops, shrimp, and carrots fried on a pan",Not soup.,27ad189b8d: Seafood Pie,"Pies made with oysters,crabmeat,shrimp,and lobster tails",Not soup.,926a3d978d: Seafood Salad,"Salad made from shrimp, squid, lobsters, and vegetables",Not soup.,05a8d8f651: Onion Soup (Cream Onion Soup),Soup made from onions and beef broth,Not seafood.,,,
Give me a Subway-style beef sandwich recipe,1,0,0,0,0,0,0,2d0fe1199e: Roast Beef Sandwich,Sandwich made with cooked beef ,,4244b4888a: Pork Roast (6 Hour Roast),Boneless boston pork roasted and marinated for 6 hours,Not sandwich.,"1a55e7ec9f: Beef Curry(Beef Sukka,Beef Fry)",Spicy beef curry with onions,Not sandwich.,3a1e880d13: Grilled Vegetable Sandwiches,Grilled sandwich made with vegetables and cheese,Not beef.,019a97b553: Katsu Sandwiches,Sandwich with fried chicken pieces,Not beef.,,,
Get me a dessert recipe that is digestion friendly,0,0,0,0,0,0,0,284db04fbe: Fiber Rich Muffins,High fiber muffins made with oats and fruit,,394f09dc90: Smoothie,milk blended with bananas and strawberries,Not a dessert.,62e660a869: Salad,Salad made with Lettuce and tomatoes,Not a dessert.,3861aab5d0: Ribs,grilled pieces of beef,Not a dessert.,3916e8c271: High Fiber Pea Salad,High fiber salad with peas and quinoa,Not a dessert.,,,
I need to prepare a meal for my diabetic pregnant friend,0,0,0,0,0,0,0,242322a378: Diabetic Pumpkin Soup,Diabetes friendly soup made with pumpkin and vegetable broth,,1ff38cdff2: Sweet Potatoes Rolled in Raw Sugar,High sugar sweet potatoes,sugar is restricted for diabetics. ,94f6858ca0: Sweet and Spicy Sweet Potatoes,cooked sweet potatoes with sweet and spicy taste,"Sweet means sugar, and sugar is restricted for diabetics.",0555a30695: Sugar Cookies,High sugar sweet cookies,Sugar is restricted for diabetics.,2c41188a69: Sugared Fruit,Fruits that are sugar frosted,Sugar is restricted for diabetics.,,,
I want to prepare a healthy dinner for my grandparents.,0,1,0,0,0,0,1,1cc110d554: Filling healthy dinner: salmon salad with horsradish dressing and garlic bread on the side,salmon salad with horsradish dressing and garlic bread on the side,,324c406768: High Calorie Fruit Smoothie,High calorie smoothie made with fruit and whole milk,high calorie is not healthy.,730a537b5b: Unhealthy Quinoa Mac and Cheese,deep fried mac and cheese with quinoa,Deep fried is not healthy.,03c32e8601: Breakfast Frittata,egg-based Italian dish for breakfast,Not dinner.,1332ca8098: All in One Lunch,"Lunch made with carrots, milk, cheese, and chicken",Not dinner.,,,
I wanted to bring some snacks to the hospital to visit a friend who had just had appendectomy.,0,1,1,0,0,0,0,759e279a77: Soft Waffles,digestion friendly waffles,,9b160af386: Hard Butterscotch Candy,Candy that is chewy with a butterscotch flavour,Not soft.,"904ada8e3a: Digest Diet: Pizza With Wilted Greens, Ricotta and Almonds","Digest Diet: Pizza with wilted greens, ricotta and almonds",Not snack.,03197a2163: Taco Dinner,Crunchy Taco with meat,Not snack.,035efbae6a: Breakfast Pizza,Pizza with eggs and cheese for breakfast,Not snack.,,,
"I want to prepare a warm soup for my sick friend, but I need to consider the fact that he is vegan",0,0,0,0,0,0,0,81a85a9b8d: Vegetable Soup,"soup made with onion, potatoes, and salt",,385be72e21: Chicken Soup,Soup made with vegetable and Chicken,Vegans don't eat chicken.,7997c5b11e: Vegetable Salad,Salad made with carrots and vegetables,It is not a soup recipe.,899a6d9cdb: Vegetable Soup,Vegetable soup with beef bouillon cube,Vegans don't eat beef.,019312b9d1: pasta with vegetables,pasta with vegetables,It is not a soup recipe.,,,
"The chicken I brought is about to expire, and I want to use it in a soup",1,0,1,0,0,0,0,385be72e21: Chicken Soup,Soup with carrots and chicken,,316bdc99a8: Cabbage Soup,cabbage Soup made with chicken broth and cabbage.,Chicken is not in the ingredients.,5c04d7ce92: Chicken Fried Chicken,Chicken pieces that are deep fried,It is not a soup recipe.,5f99f60f7b: Chicken Walnut Chicken,Crispy chicken with walnuts,It is not a soup recipe.,60bc7c1c16: Beef Soup,Soup made with beef broth,Chicken is not in the ingredients.,,,
"I'm recovering from wisdom tooth extraction, give me something healthy to drink",0,1,0,0,0,0,0,9a70d96b46: Healthy Banana Smoothie,Smoothies made from banana puree with milk,,798f68676a: Easy and Healthy Baby Finger Food Patties,Healthy patties made from vegetables,Not a smoothie recipe.,098485481c: Healthy Chicken Salad,High protein chicken salad made with vegetables,Not a smoothie recipe.,3c883626ca: Healthy Blueberry Soup,healthy soup made with blueberries,It is hard for people who just got rid of a wisdom tooth to chew.,02fb391f9d: Carrot Soup,Soup made with carrot and broth,It is hard for people who just got rid of a wisdom tooth to chew.,,,
I need to prepare a lunch to eat after my training session at the gym. ,0,1,1,0,0,0,1,2d9c3e3fe5: Protein Lunch Box,"Protein box made from eggs, fruit, and yogurt",,9993b6e382: Breakfast,Breakfast made with ground beef and cheese,It is not a lunch recipe.,173499296b: Tortellini Appetizers,Appetizer made with Tortellini pasta,It is not a lunch recipe.,0d24b92b78: Avocado Snack,Snack made from avocado,It is not a lunch recipe.,9a70d96b46: Healthy Banana Smoothie,Healthy smoothies made from banana puree with milk,It is not a lunch recipe.,,,
Do you know how to make Chinese dumplings ,1,0,0,0,0,0,0,25da8fe85d: Chinese-Style Dumplings,Chinese traditional dumplings made with duck breasts,,74a44dc91d: Korean Meat and Vegetable Dumplings,Korean style dumplings made with meat and vegetables,Not Chinese.,094af7592a: Chinese Pork and Peppers,Chinese style sticky crimson red pork,It is not a dumpling recipe.,03a4750a79: Chinese Ribs,"Chinese style ribs made from sparerib racks, fresh ginger, and honey",It is not a dumpling recipe.,2510e00eeb: Chinese Cheesecake,Chinese style cheesecake,It is not a dumpling recipe.,,,
My uncle who is a Buddhist monk is coming over for lunch and I have no idea what I should cook for him,0,0,1,0,0,0,0,458476b982: Buddhist Monk's Soup Recipe,"Soup made with pumpkin, sweet potatoes",,02e982ec87: Meat Sauce,Sauce made from ground turkey,"Buddhists don't eat meat, and it is not a meal.",43c1960bdb: Meat Lasagna with Vegetables,Lasagna made with ground beef and vegetables,Buddhists don't eat meat.,6fe7906cff: Vegetable Soup With Meat,Vegetable soup with ground beef,Buddhists don't eat meat.,74a44dc91d: Korean Meat and Vegetable Dumplings,Korean style dumplings made with meat and vegetables,Buddhists don't eat meat.,,,
Do you have Kosher meat food recipe for the Shabbat?,1,0,1,0,0,0,0,826e30e428: Low Fat Cholent: Israeli Chaminc Israeli Chamin (Kosher-Meat),Meat cholent made with beef,,95ec488168: Kosher Chocolate Roll,High fiber kosher chocolate roll,Not meat cholent.,2501f0f2ae: Kosher Vegetarian Cholent,Kosher cholent made from vegetables,Not meat cholent.,9b31d85c0d: Kosher Dill Pickles,"Kosher pickles made from cucumber, dill, vinegar, and gralic cloves",Not cholent.,1ff38cdff2: Sweet Potatoes Rolled in Raw Sugar,Sweet Potatoes Rolled in Raw Sugar,Not cholent.,,,
Give me a halal recipe made with chicken,1,0,1,0,0,0,0,57139ff9fe: Street-Cart-Style Chicken Salad,Street-cart-style chicken salad,,81422b128f: Halal Marshmallow -Cereal Peanut Popcorn Bars,"Snack bars made with marshmallows, peanuts, and popcorn",Not chicken.,57139ff9fe: Street-Cart-Style Chicken Salad,Street-Cart-Style Chicken with mayo sauce,No vegetable was used in the recipe.,09b7280586: Chicken Fried Chicken,Chicken pieces that are deep fried,No vegetable was used in the recipe.,086f8795ae: Chilled Soup Pasta with Minestrone Soup,Chilled Soup Pasta with Minestrone Soup,Not chicken,,,
Do you have some vegan friendly dinner ideas ,0,0,1,0,0,0,0,03687907f4: Vegan Spaghetti,spaghetti made from grated vegetables,,6ba0497bea: Nikujaga - Beef and Potato Stew,beef stew and potatoes ,Vegans don't eat beef.,246ca98ed9: Meat Soup,soup with carrots and meat,Vegans don't eat meat.,2f70468943: Meat Cakes,ground beef and onion patty,Vegans don't eat meat.,6fe7906cff: Vegetable Soup With Meat,Vegetable soup with beef,Vegans don't eat beef.,,,
I used to be fully vegetarian but I am now lacto-vegetarian because I couldn't give up my dairy cravings,0,0,0,0,0,0,0,a8b91d1de4: Northern Italian Style Lacto-Vegetarian Lasagna,Northern Italian style Lacto-Vegetarian lasagna,,16b48ecd6b: Meat and potatoes,a dish made made with beef and potatoes,Vegetarians don't eat beef.,812ee8bade: Indian-Style Beef Curry With Coconut Milk,Indian-style beef curry with coconut milk,Vegetarians don't eat beef.,3cb1d2e105: Meat and Potatoes Salad,Salad made with beef and potatoes,Vegetarians don't eat beef.,123955e56e: Chicken Soup,Soup made with vegetables and Chicken,Vegetarians don't eat chicken.,,,
"I'm considering going keto, but I want to know if I will still be able to eat my favourite desserts like cheesecake",1,0,1,0,0,0,0,6217b3e93d: Keto Cheesecake,Low carb sugar free cheesecake ,,96a2a7f65b: Keto Friendly Sandwich,"keto friendly sandwich made with meat, cucumber, and cheese",It is not a cheesecake recipe.,7cf5895e01: Grapefruit Cake With Icing,Grapefruit cake with icing,It is not a cheesecake recipe.,99d9e6c2fd: Keto Chocolate Peanut Butter Fudge,Keto chocolate peanut butter fudge,It is not a cheesecake recipe.,2c25eedd2c: Astragalus Vegetable Soup (Detox Soup),Astragalus vegetable soup (detox soup),It is not a cheesecake recipe.,,,
I want a soup that is vitamin rich and healthy,0,0,0,0,0,0,0,0fc87c234c: Vegi Soup Comfort Food,"Soup made from onions, carrots, and celery ribs.",,5f07aa6f55: Quick Round Steak -- Comfort Food,round steak with cream of mushroom soup,Vegans don't eat meat.,85f3e0f6b5: Comfort Food Diet Italian Chicken Wraps,Comfort food diet Italian chicken wraps,Vegans don't eat chicken.,1860f776c3: Vegan Low Fat Mocha Smoothie,Vegan low fat mocha smoothie,It is not a food recipe.,59507617b5: Detox Water,orange detox drink with cucumber and lemon,It is not food recipe.,,,
"Most snacks these days involve some kind of artificial processing, I've been going paleo and avoiding them.",1,0,1,0,0,0,0,"87155c93d2: Chocolate, Cherry, Almond snacks (paleo, vegan, gluten free sweet treat)","Chocolate, Cherry, Almond snacks (paleo, vegan, gluten free sweet treat)",,91f37c23ec: Paleo Taco Salad,Paleo Taco Salad made with ground beef,Salad is not a snack.,2d91db48e9: Almond Shake Paleo and Gluten Free,Almond shake that is paleo and gluten free,Shake is a drink. It is not a snack recipe.,"2390529a80: Paleo Creamy Kale, Sausage and Sweet Potato Soup","Paleo creamy kale, sausage and sweet potato soup",Soup is not a snack.,9201342cd2: Vegan Lunch Box Easy Whole-Grain Pizza Dough,Vegan lunch box with whole-grain pizza dough,Lunch box is for lunch. It is not a snack recipe.,,,
I want to make a hearty paleo stew for my grandchildren,1,0,0,0,0,0,0,1780edaf1d: Paleo Beef and Sweet Potato Stew,Paleo beef stew and sweet potatoes,,21b5d099bd: Paleo Pork Chili Verde,Paleo Pork Chili Verde,Pork is not beef.,6c27fc136e: Baked Eggs W/ Goat Cheese for Two (Paleo),baked eggs with goat cheese (Paleo),No beef was used in the recipe.,19bc514b09: Paleo Waffles,"Paleo waffles made from eggs, butter, and coconut flour",No beef was used in the recipe.,1c9a6f8745: Paleo Bread,Paleo bread made with palntains and eggs,No beef was used in the recipe.,,,
I want to prepare protein-packed dinner for muscle building,0,0,0,0,0,0,1,920b949d45: Protein Packed Pizza,"High protein pizza made with whole wheat pizza crusts, cheese, onions,  and tofu",,893406dda2: Breakfast Protein Sandwich,High protein sandwich for breakfast,Breakfast is not dinner.,33fd0a5869: High Protein Lunch Nut Cupcakes,High Protein Lunch Nut Cupcakes,Lunch is not dinner.,a3fca9963a: Protein Snacks,"Protein snacks made with peanut butter, raisins, and dry milk,",Snack is not dinner.,690392fdc1: Cottage Cheese Pineapple Protein Snack,Protein-packed Cottage Cheese Pineapple Snack,Snack is not dinner.,,,
I want an oil-free vegan recipe,0,0,0,1,0,0,0,4defd0c67f: Vegan Oil-Free Whole Wheat Banana Muffins - and Tasty!,Whole wheat banana muffins without the use of oil,,567dcd03f7: Vegan Pizza,vegan pizza made with vegetables,,5a74068c14: Oil-Free Chicken Nanban,Oil-free chicken nanban,Vegans don't eat chicken.,0f704652c0: Oil-free and Healthy Pan-Fried Ginger Pork,Oil-free pan-fried ginger pork,Vegans don't eat pork.,333d4a1506: Asian Fries - Pan Fried Noodles,Crispy pan fried udon noodles,It is not oil-free.,,,
Can I still eat steak if I'm vegan?,1,0,1,0,0,0,0,803be1d5b3: Vegan Bell Pepper Steak (Aka Pepper Fake),Fake steak made from seitan,,72ae911e6c: Vegan Chocolate Cake With Vegan Icing,Vegan chocolate cake with vegan icing,It is not a steak recipe.,3358152415: Peppercorn Steak - Spicy Peppered Steaks,Spicy peppered steaks with steak sauce and mustard,Real meat was used in the recipe. Vegans don't eat meat.,678ab8c57d: Skillet Beef Steak With Vegetables & Rice,Skillet beef steak With vegetables and rice,Vegans don't eat meat.,31a3f5b990: Vegan Pancakes,Vegan pancakes made from fruits and maple syrup,It is not a steak recipe.,,,
I want a keto dinner for weight loss,0,0,0,0,0,0,1,006dbad7d9: Low Carb Pizza,"Pizza made from soy flour, eggs and cream for low carb diet",,14bd57315c: Keto Breakfast Tea,Breakfast tea for keto diet,Breakfast is not dinner.,"0b581f2f5a: Fabulous Low Fat, High Carb Soup","soup made with ground turkey that is low fat, high carb ",It is not a dinner.,"17be8f6590: Healthy, High Fiber, Protein, Low Carb and Calorie Egg Breakfast","Healthy, High Fiber, Protein, Low Carb and Calorie Egg Breakfast",Breakfast is not dinner.,1ed4fc9234: Fried chicken,Fried chicken seasoned with salt and pepper.,Not keto.,,,
"I'm craving a nut flavoured ice cream, maybe something like white chocolate macadamia or peanut butter",1,1,0,0,0,0,0,0d58d5a016: Nutty Pistachio Ice Cream,"Ice cream with sugar, cream, egg yolks, and pistachios",,3288fabe00: Nutty Carrot Sandwich,Sandwich made with nutty carrots,It is not an ice cream recipe.,3545bb0e98: Chocolate Ice Cream,Chocolate ice cream,It is not nutty.,7300a89ca2: Nutties,Nutties made from rolled oats and flaked coconuts,It is not an ice cream recipe.,a0716939dc: Iced Tea,"orange juice with lemon, mint, and honey",It is not an ice cream recipe.,,,
I'm craving a light snack but I would prefer something savoury over something sweet,0,1,0,0,0,0,0,a0da16690d: Salty Almonds,almond coated with butter and salt,,399526926b: Sweet and Spicy Sweet Potatoes,cooked sweet potatoes with sweet and spicy taste,It is not salty.,0c4499c604: Salty Avocado Shake,"Avocado puree blended with lemon juice, soy milk, and salt",Shake is a drink. It is not a snack recipe.,0011d3e235: Crunchy Exploding Snack Beans/Spicy Chili Variation,Crunchy snack beans with spicy chili variation,It is not salty.,a4d86fa1b3: Spicy Cheddar Snacks,Spicy Cheddar Cheese Crackers,It is not salty.,,,
I want to eat spicy seafood but I am sick of Tom Yum,0,1,1,0,0,0,0,99c1d16975: Cantonese Spicy Seafood,shrimp with chili sauce and crushed red pepper flake,,74e89380a9: Sea Salt Caramel Popcorn,Sea salt caramel popcorn,It is not seafood.,0690179028: Chinese Sea Bass,steamed sea bass with green onions and ginger,It is not spicy.,131e95ced5: Sea Salad With Pasta,Sea Salad With Pasta,It is not spicy.,1e488fee0f: Spicy Broccoli,Spicy Broccoli made with broccoli and green chili pepper,It is not seafood.,,,
I ran out of flour but I promised my kids would bake them chocolate cake today,1,0,1,0,1,0,0,06ad9392b9: Flourless Chocolate Cake,Flourless chocolate cake with butter,,15b107ce92: Chocolate Cake,"Chocolate cake made from plain flour, cocona powder, eggs, and milk",The recipe uses flour.,0a0acccdb2: Flourless Walnut Cake,Walnut cake made without flour,Not chocolate.,1002b4b090: Almond Flour Chocolate Chip Cookies,Almond Flour Chocolate Chip Cookies,It is not a cake recipe.,1a32a96fd4: Chocolate Water Glaze,glaze made from semisweet chocolate and water,It is not a cake recipe.,,,
how do I make a spicy soup with chicken,1,1,1,0,0,0,0,74859e42d8: Spicy Chicken Soup,"Soup made with chicken breast, chili powder, and chili beans",,17a3554c67: Spicy Potato Soup,spicy soup that made with ground beef and potatoes,No chicken was used in the recipe.,263392b3ea: Spicy Chicken,spicy chinken made with chicken breasts and chicken thighs,It is not a soup recipe.,73b2ca4ca2: Spicy Pork,spicy pork made from pork tenderloin and hot pepper flakes,No chicken was used in the recipe.,02735d8ac5: Spicy Vegetable Soup,Spicy soup made from vegetables,No chicken was used in the recipe.,,,
Give me a dairy-free milkshake recipe,1,0,0,0,0,0,0,94985a56ba: Choco Milkshake Dairy Free,milkshake that made from soy milk and cocona powder,,08dd0d779c: Banana Milkshake,milk blended with banana purees,Milk was used in the recipe. It is not a dairy-free recipe.,064ac3e1f9: Quinoa Cake With Fruits and Nuts - Gluten&Diary Free,Quinoa cake with fruits and nuts that is diary free,It is not a milkshake recipe.,27ef565319: Blueberry & Lemon Zest Biscuits-Grain/Diary Free,Blueberry and lemon zest biscuits that are diary free,It is not a milkshake recipe.,"538a69a398: Banana ""Ice Cream"" (Dairy-Free)",Banana ice cream that is dairy free,It is not a milkshake recipe.,,,
I'm allergic to dairy but I really love ice cream,1,0,0,0,0,0,0,"538a69a398: Banana ""Ice Cream"" (Dairy-Free)",dairy free banana ice cream ,,94985a56ba: Choco Milkshake Dairy Free,milkshake that made from non dairy milk and cocona powder,It is not an ice cream recipe.,163a8b39cd: Cookies n Cream Ice Cream,Ice cream made with whole milk and Oreo cookies,Whole milk was used in the recipe. It is not a diary-free recipe.,0dee15fcd6: Iced Coffee,Iced coffee made with milk and ice cream,Milk was used in the recipe. It is not an ice cream recipe.,"34c016f490: Gluten-Free, Dairy Free, Egg Free Pancakes","Gluten-Free, Dairy Free, Egg Free Pancakes",It is not an ice cream recipe.,,,
I'm allergic to eggs but want to bake a cake,1,0,0,0,1,0,0,a02998e13a: Sauerkraut Cake Without Eggs,Eggless sauerkraut cake,,7d8a459bcb: Egg Peeling for Egg Salad,Egg peeling for egg salad,It is not a cake recipe.,091b10ff87: Eggless Pasta,Pasta without eggs,It is not a cake recipe.,88bea40028: Cake,Cake made from flour and eggs,The recipe uses eggs.,7ea2120399: Blueberry Cake Without Grains,Blueberry cake without grains,The recipe uses eggs.,,,
What snacks could I have if I am allergic to soy?,0,0,0,0,0,0,0,99a2ec51be: Chocolate on Chocolate Cupcakes,"Chocolate cupcakes made with flour, sugar, and cocoa.",,1df267929e: Whole Grain Gluten Free Spinach and Soy Bread.,Whole grain gluten free spinach and soy bread,The recipe is not soy free.,8188d05a9f: Soy Sauce Eggs,hard boiled eggs with soy sauce,The recipe is not soy free.,3091ad9409: Cream Puffs with Soy Milk,Cream puffs with soy milk,The recipe is not soy free.,9de347a145: Gluten Free Bread,Gluten free bread made from rice flour,,,,
I need a breakfast that won't trigger my Celiac disease.,0,0,0,0,0,0,1,0eaf51d43d: Gluten Free!Banana Pumpkin Oat Breakfast Bread Meal,Gluten free banana pumpkin oat breakfast bread meal,,9b881611f8: Gluten Free Chicken Rice a Roni Dinner,Gluten free chicken rice-a-roni dinner,It is not a breakfast recipe.,"925872de8b: Vickys Roasted Vegetable Strudel, Gluten, Dairy, Egg & Soy-Free, Vegetarian Christmas Dinner","gluten, dairy, egg and soy-free dinner made with roasted vegetables",It is not a breakfast recipe.,048550e22a: Cabbage Rolls (Low Fat & Soy Free),Cabbage Rolls that are low fat and soy free,,9ebe6afa4e: Chinese Stir Fry (Made With Gluten),Chinese stir fry made with gluten,It is not gluten free.,,,
I want to try sushi but am not comfortable with eating raw fish.,1,0,1,0,1,0,0,"0509b65958: Vegetarian ""sushi"" Rolls",Vegetarian sushi rolls,,a40e170c59: Chirashi sushi Recipe,Chirashi sushi made with salmon roe,The sushi recipe uses raw fish.,044a988529: Sunshine Fish,"Cooked grouper with onions, and lemon juice",It is not a sushi recipe.,1a386cbc18: Seafood Gumbo - Cajun Seafood Gumbo,cajun seafood gumbo made with rice and shrimp,It is not a sushi recipe.,0065533c6e: Seafood Stew,"Seafood stew with shrimp, halibut, and mussels",It is not a sushi recipe.,,,
I want to make pancakes but most recipes out there contain wheat,1,0,1,0,0,0,0,05406dce22: Wheat-free pancake recipe,"pancake recipe made with buckwheat flour, eggs and milk",,"2788b4636c: Vegan, Wheat-Free Brownies","vegan, wheat free brownies",Brownies are not pancakes.,"7fba0cb99a: Dairy-Free, Wheat-Free, Egg-Free Snickerdoodles","Dairy-free, wheat-free, egg-free Snickerdoodles cookies",Cookies are not pancakes.,"34c016f490: Gluten-Free, Dairy Free, Egg Free Pancakes","Gluten-free, dairy free, egg free pancakes",,35a1cfad9c: Egg-Free Dairy-Free Nut-Free Cake,Egg-free dairy-free nut-free cake,,,,
"It is surprisingly difficult to find snacks that don't contain peanuts at the supermarket, so I think I'll have to resort to making my own",0,0,0,0,0,0,0,359daa0707: Peanut-Free Chocolate Macaroons,chocolate macaroons without peanut,,"343246d913: Peanut Butter Cookies (Gluten-Free, Sugar-Free)",Peanut butter cookies that are gluten-free and sugar-free,The recipe is not peanut free.,04c6645a2a: Peanut Soup,soup made with peanut butter and milk,The recipe is not peanut free.,0ad017a594: Tuna Dinner,Tuna with onions and cooked rice,It is not a snack recipe.,957e9efc19: Peanut Cookies,cookies made with peanuts,The recipe is not peanut free.,,,
"I wanted to make myself a beef burger, similar to the one I had at Harvey's.",1,0,1,0,1,0,0,0b89896b7b: Hamburger,Hamburger with ground beef and vegetables,,840e1a39fa: Hamburger Strudel (Dutch),"Hamburger Strudel made with ham, eggs and onions",The hamburger recipe uses ham.,04eee0689e: Roasted Vegetable Sandwich,Roasted Vegetable Sandwich,Sandwiches are not hamburgers.,0b9233b7c0: Ham Salad,Salad made with ham and vegetables,It is not a hamburger recipe.,9e69d6a816: Ham and Green Beans,Ham with grean beans,It is not a hamburger recipe.,,,
"I am a vegetarian, give me a sandwich reicpe",1,0,0,0,0,0,0,0e55986ae4: Vegetarian Croissant Sandwich,Croissant Sandwich made with vegetables,,261068a915: Italian Beef Sandwiches,Italian style sandwiches made with beef,Vegetarians don't eat beef.,10ad90c348: Pulled Pork Sandwiches,Sandwiches made with cooked pork,Vegetarians don't eat pork.,086a475819: Vegetarian Chili,Chili for vegetarian,It is not a sandwich recipe.,899a6d9cdb: Vegetable Soup,Soup made with vegetables,It is not a sandwich recipe.,,,
I love milkshake but I'm lactose intolerant,1,0,0,0,0,0,0,95c75334c2: Lactose Free Milk Shakes,Milk shakes with the use of lactose-free milk,,a185ea2a75: Milk Cake,fluffy milk cake made from whole milk,The recipe is not lactose-free because it uses whole milk.,a699e71673: Oreo Cookie Crust,Oreo cookie crust made from Oreo cookie crumbs and whole milk,It is not a milkshake recipe.,0f2ae88b9a: Strawberry Milk Shakes,milk shake made from strawberry syrup and whole milk,The recipe is not lactose-free because it uses whole milk.,19d0248fa3: Malted Vanilla Milk Shakes,"milk shakes made from vanilla ice cream, malted milk balls, and whole milk",the recipe is not lactose-free because it uses whole milk.,,,
I want have some diabetic friendly cookies,1,0,0,0,0,0,0,298e519f47: Sugar-Free Peanut Butter Cookies,Sugar-Free Peanut Butter Cookies,,8876a88802: Sugar Cookies,High sugar sweet cookies,Diabetics are restricted to high sugar food.,9074764867: Sugar Cakes,High sugar sweet cakes,Diabetics are restricted to high sugar food.,81bfe69853: Carrot Cake -Sugar Free,Sugar free cake made with carrots,It is not a cookie recipe.,189b76d057: Gluten-Free Sugar-Free Waffles,Gluten-free sugar-free waffles,It is not a cookie recipe.,,,
Do you have nut allergy friendly cookie recipe,1,0,0,0,0,0,0,44c99b3cf4: Nut-Free No Bake Cookies,Nut-Free Cookies without baking,,"1533bb2a92: Gluten-Free, Egg-Free, Dairy-Free, Nut-Free Fudge","Gluten-free, egg-free, dairy-free, nut-free fudge",It is not a cookie recipe.,49a8d7676b: Gluten Free and Grain Free Nut Bread,Gluten free and grain free nut bread,It is not a cookie recipe.,3432684886: Gluten Free Apple and Nut Cake,Gluten Free apple and nut cake,It is not a cookie recipe.,4031488820: Mocha Nut Cookies,Mocha cookies with nuts,It is not nut-free.,,,
I want to make a weight loss friendly dessert,0,0,0,0,0,0,0,8d1197f537: Fat Free High Fiber Muffins,Fat free high fiber muffins,,917cd5e59f: Fruit Milk Shake- Low Cal/Low Fat/ High Protein/No Sugar Added,Fruit milk shake that is low fat and high protein,The milk shake is not a dessert.,5c9b303043: Low Fat High Protein Tuna Salad,Salad made with tuna that is low fat and protein-packed,Salad is not a dessert.,76b6e41859: Onion Dip Potato Salad,Onion dip potato salad,Salad is not a dessert.,418a0a48f3: Weight Loss Tea,Weight loss tea,The tea is not a dessert.,,,
Do you have breakfast recipe for people with Dysphagia?,0,0,0,0,0,0,0,189945b6ab: Pumpkin Puree,Pumpkin puree,,12caf612a9: Beef Ribs,Chewy beef ribs,It is hard to digest.,357d68289f: Hard Candy,Hard candy,It is hard to digest.,9b160af386: Hard Butterscotch Candy,Candy that is chewy and hard with a butterscotch flavour,It is hard to digest.,261068a915: Italian Beef Sandwiches,Italian style sandwiches made with beef,Sandwiches are not desserts.,,,
I want some roasted vegetables,1,0,1,0,0,0,0,4812e96cdb: Oven-Roasted Vegetables,"Oven-Roasted potatoes, carrots, and fresh green beans",,026ce10bc6: Oven-Roasted Fruit,Oven roasted peaches and plums,Peaches and plums are not vegetables.,35ee2de86b: Pan-Roasted Lobsters,Pan-Roasted Lobsters,Lobsters are not vegetables.,1d342aa25a: Roasted Garlic Chicken Pizza,Roasted garlic chicken pizza,It is not a vegetable recipe.,4d8132fcc7: Italian Roast Beef Pizza,Italian roast beef pizza,It is not a vegetable recipe.,,,
Give me a weight loss cabbage soup recipe,1,0,0,0,0,0,0,20a3c99d0c: Cabbage Soup,"Soup made with cabbage, carrots, potatoes, and onions",,70fc5e9e6d: Weight Loss Friendly Eggnog - Sugar Free,Weight-loss friendly eggnog that is sugar free,Cabbage is not used in the recipe.,418a0a48f3: Weight Loss Tea,Weight loss tea made with carrots and plums,It is not a soup recipe.,2ddb86e8b5: Buttermilk And Walnut Soup (A Bulgarian Soup),Soup made from buttermilk and walnut ,There is no cabbage in the ingredients.,3633264877: Strawberry Smoothie - Weight Watchers,Smoothies made from non fat milk and strawberries,There is no cabbage in the ingredients. It is not a soup recipe.,,,
I want some mushy peas to go with my steak and kidney pie,1,1,0,0,0,0,0,88822955f2: Minty Mushy Peas,Mushy peas that are soft,,99fe08ffdc: Kathy's Mushy Potatoes,"Mushy potatoes made from potatoes, cream, and cheese",,9439f2d1cc: Stir Fried Pea Pods,Stir fried pea pods with soy sauce,,79158b0328: Steak and Kidney Pie,Steak and kidney pie,,0581e6c980: Pea Roast,Roast beef with peas and potatoes,,,,
I want a creamy pasta recipe without cheese,1,1,0,0,1,0,0,267f2a13cb: Creamy Pasta & Veggies,"Pasta made with vegetables, Philadelphia savory garlic cooking creme, and rotini pasta",,5e1ab8f689: Creamy Vegetable Pasta,Creamy pasta made with spaghetti and cheese,The recipe uses cheese.,0a1c8755a4: Creamy Cheese Souffle,Creamy cheese souffle made with eggs and cheese,It is not a pasta recipe.,88fc85a12c: Creamy Cheese Cake,Creamy cheese cake recipe,It is not a pasta recipe.,a7c0b87840: creamy mac and cheese,creamy macaroni and cheese,It is not a pasta recipe.,,,
I want a detox salad,1,1,0,0,0,0,0,038ca690f6: Detox Salad,"Salad made from broccoli, cauliflower, carrots, and sunflower seeds",,099ae43388: Detox Water,"refreshing detox water made from grapefruit, cucumbers, and ginger",It is not a salad recipe.,89f71c44da: Zalm Salade - Salmon Salad,"Salad made from cooked salmon, eggs, and creams",Not detox.,2d52df53ae: Detox Smoothie,"Detox Smoothies made from strawberries, avocados, beet, apple, and water",It is not a salad recipe.,9b1b85a8bc: Detox Bath,"fresh water blended with apple cider vinegar, ground ginger, and bath salts",It is not a salad recipe.,,,
I want muffins that taste moist without butter,1,1,0,0,1,0,0,3b9743e2f7: Moist Breakfast Banana Muffins,Moist Breakfast banana muffins without butter,,"298be0606a: Moist Roll Cake with Milk, Butter and Cream","Moist roll cake with milk, butter and cream",It is not a muffin recipe.,96f24aef86: Butter Muffins,"Muffins made from flour, salt, powder, and butter",It uses butter in the ingredient.,7387d63b90: Butter-Free Butter Cake,Butter cake made without butter (replaced with vanilla extract),It is not a muffin recipe.,42848f72f2: Apple Butter-Peanut Butter Cookies,Cookies made with both apple butter and peanut butter,It is not a muffin recipe.,,,
Give me a low glycemic dinner recipe,0,0,0,0,0,0,0,6427ac518b: Stir-Fried Ginger Chicken A Low-Glycemic Dish.,Stir-fried ginger chicken that is low-glycemic ,,"a4bf69e663: BAPS (Browned Apple Patties)A Nutritious, Low-Glycemic Dessert.",Low-glycemic dessert made from apples and butter,It is not a dinner recipe.,00c2039872: Breakfast Bars,Breakfast bars made with eggs and flour,Not dinner.,7195d03521: Rum And Coffee Cream After Dinner Drink Recipe,Rum and coffee cream after dinner drink recipe,Not dinner.,04de399846: Dinner Rolls,"fluffy dinner rolls made with flour, eggs, and water",Not dinner.,,,
I want a salad made with all organic ingredients,1,0,1,0,0,0,0,9261e1d685: AMIEs ORGANIC GREEN SALAD,AMIEs organic green salad,,47605b090f: Organic Chocolate Cupcakes,Organic chocolate cupcakes,Not salad.,743fea0b63: Organic Carrot Soup with Ginger Essence,Soup made with organic carrots,Not salad.,74e3486b1c: Organic Whole Wheat Pancakes,Pancakes made from organic whole wheat flour,Not salad.,0a8842605a: Salad Dressing,Salad dressing made with oil and vinegar,Not salad.,,,
I want a dinner recipe that's not too salty.,0,0,0,0,0,0,0,1b45b0c948: Low Salt Italian Chicken and Rice,Low salt Italian chicken and rice,,2654a943be: Caribbean Bar Nuts - Low-Carb - No Salt Added,No salt added snack bars made with pecan ,Not dinner.,398ac504a4: Salty Pecans,"Salty snack made with butter, garlic salt, sea salt, and pecans",Not dinner.,9139114b4e: Spaghetti Sauce - Low Salt,Low salt spaghetti sauce,Not dinner.,8778d53731: Sweet and Salty Pasta Salad,Sweet and Salty Pasta Salad,It is not a low salt recipe.,,,
I wanted to make something salty to season my pea soup,0,1,0,0,0,0,0,222db9125c: Salted Herbs,Herbs mixed with salt,,141642b681: Gluten-Free Salted Chocolate Chip Cookies,Gluten-free salted chocolate chip cookies,The recipe cannot be used to season the soup.,69854a8643: Beef Roasted in Salt Crust,Beef roasted in salt crust,The recipe cannot be used to season the soup.,a2ee8663b8: Ranch Dressing - Low Salt,Low-salt ranch dressing,Not salty.,2654a943be: Caribbean Bar Nuts - Low-Carb - No Salt Added,No salt added snack bars made with pecan ,It is not salty.,,,
"My doctor told me to stop eating fast food because I have high blood pressure, but I still can't help myself.",0,0,0,0,0,0,0,8865cbafaa: Low Sodium Soft Tacos,Low sodium soft Tacos,,869cf92b01: A Low Sodium Breakfast,"Low sodium breakfast made from sliced mushroom, onions, and egg whites",Not a fast food.,7c5d0d852a: Deep Fried Vegetables,Deep fried vegetables,Not a fast food.,31b6b88471: Vegetable Fried Rice,Vegetable fried rice,Not a fast food.,a2ee8663b8: Ranch Dressing - Low Salt,low salt ranch dressing,Not a fast food.,,,
I want a diabetic friendly dessert,0,0,0,0,0,0,0,88dbfc6049: Applesauce Cupcakes/Low Sugar/Low Fat Recipe,Low sugar applesauce cupcakes,,4b9c92eec9: Sugar Cookie Dessert Pizza,"dessert pizza made from sugar, fruit, salt, eggs, milk, and flour",Diabetics is restricted to sugar.,1be94c2b1a: Sugar Cookies,"Cookies made from sugar, eggs, and flour",Diabetics is restricted to sugar.,090f94ea5b: Sugar Salad,Salad made from lettuce and sugar,Diabetics is restricted to sugar.,969cddc559: Fat Rice,Rice with chicken stock and onion,It is not a dessert.,,,
I want to cook a simple lunch for weight loss,0,0,0,0,0,0,1,5431d56b75: Low Calorie Low Fat Tuna Salad,Low calorie low fat tuna salad,,884fcfa1eb: Low Calorie Chocolate Chip Cookies,Low calorie chocolate chip cookies,Not lunch.,324c406768: High Calorie Fruit Smoothie,"High calorie smoothie made with banana, honey, and milk",Not lunch.,"17be8f6590: Healthy, High Fiber, Protein, Low Carb and Calorie Egg Breakfast","Healthy, high fiber, protein, low carb and calorie egg breakfast",Not lunch.,917cd5e59f: Fruit Milk Shake- Low Cal/Low Fat/ High Protein/No Sugar Added,Fruit Milk Shake that is low calorie,Not lunch.,,,
I want healthy fast food for dinner,0,1,1,0,0,0,1,5b6635aec5: Healthy Meatless Okara Tofu Hamburgers,Healthy hamburgers made with tofu,,92320e9478: Healthy Cucumber Green Drink,Healthy green drink made from cucumber and fruit,Not dinner.,59d92807e6: Fast and Healthy Cauliflower Soup,Fast and healthy cauliflower soup,Not a fast food.,20b2248291: Peach Drink,Drink made from peach and orange juice,Not a fast food.,02e4ddce1a: Fruit Pudding,Pudding made with fruit,Not a fast food.,,,
I want a healthy vegetarian meal,0,1,0,0,0,0,0,7481d2a59b: High Protein Pound Shredding Vegetarian Mexican Skillet,High protein skillet with rice and vegetables,,85568e7441: Protein Burger,"High protein buger made from ground beef, eggs, and butter",Vegetarians don't eat beef.,9d6c26a757: Protein Lover's Breakfast Eggwich,"High protein breakfast made from steaks, eggs and cheese",Vegetarians don't eat beef.,1c7cb30ebf: Protein/Paleo Burger,"High protein burger made with vegetables, ground beef, and eggs",Vegetarians don't eat beef.,8f28674eba: Protein Turkey Ball,High protein turkey balls,Vegetarians don't eat turkey.,,,
I wanted to add some flavor to my homemade pizza,1,0,1,0,0,0,0,3b4a85c8a4: Homemade Pizza Sauce,Pizza sauce that can be made at home,,46519a9833: Homemade Pizza,Pizza that can be made at home,It is not a pizza sauce recipe.,99bb73551e: Homemade Pumpkin Pie,Homemade pumpkin pie,It is not a pizza sauce recipe.,05f399fc5a: Homemade Pancakes,"Homemade Pancakes made from flour, sugar, salt, and eggs",It is not a pizza sauce recipe.,0a635fdbe4: Homemade Butter,Butter that can be made at home,It is not a pizza sauce recipe.,,,
I want to barbeque ribs but I don't have a grill,1,0,1,0,0,0,0,9438b707a6: Oven Baked BBQ Ribs,Pork ribs baked in oven,,83eb912928: Easy Bake Ultimate Oven Cinnamon Apple Cake,oven baked cinnamon apple cake,Not ribs.,0171e3b99b: Oven Baked Eggs,Oven baked eggs,Not ribs.,7f799f8398: Oven Baked Potatoes,Hash brown baked in oven,Not ribs.,6bc87a38ea: Crispy Deep-Fried Ribs,Crispy deep-fried ribs,Not using the oven.,,,
Can I have a grilled salmon recipe,1,0,1,0,0,0,0,1689dd7fd9: salmon on the grill,grilled salmon seasoned with salt and pepper,,909be673a6: Grilled Tuna with Grilled Bread and Aioli,Grilled tuna with grilled bread and Aioli,Not salmon.,01905a64b0: Grilled Vegetables,Grilled vegetables,Not salmon.,6e6340ee39: Raw Salmon Marinated in Amontillado Sherry,Raw Salmon Marinated in Amontillado Sherry,Not grilled.,617901aa8f: Lemon Salmon Soup,Soup made with salmon and lemon,Not grilled.,,,
How do I make pan-fried noodles with seafood?,1,0,0,1,0,0,0,47f26aeb7c: Seafood Pan Fried Noodles,"pan fried noodles made with shrimp, scallops, and carrots",,a2386f6948: Taiwanese Pan-Fried Rice Noodles With Pork And Vegetables,Pan-fried rice noodles with pork and vegetables,No seafood was used in the recipe.,80a041491d: Pan Fried Noodles With Hoisin Beef,Pan fried noodles with hoisin beef,No seafood was used in the recipe.,23a95e4b1e: Pan-Fried Cabbage,Pan-fried cabbage with bacon,No seafood was used in the recipe.,581a953345: Pan-fried Apples,Pan-fried apples with butter,,,,
I want to bake a sweet lemon tart,1,1,1,0,0,0,0,a838baef39: Sweet Lemon and Goat Cheese Tart,Sweet lemon and goat cheese tart,,9ba985f6aa: Sweet Potato Tarts,Sweet potato tarts,Lemon is not used in the recipe.,22972e2a45: Lemon Sweet Potatoes,sweet potatoes with lemon juice,Not tart.,58587e16c6: Sweet Tea-Lemon Cheesecake,Sweet tea-lemon cheesecake,Not tart.,5a5a7f4c1b: Sweet Potato and Lemon Salad,Sweet potato and lemon salad,Not tart.,,,
Do you know how to cook bitter melon the Chinese way?,1,1,1,0,0,0,0,5fb91f8f02: Bitter Melon Stir-Fry,Bitter melon stir-fry,,3d6de78487: Bitter Melon and Tuna Salad,Tuna salad with bitter melon,Not Chinese.,55b627bdf0: No-Fry Karela Crispies (Bitter Melon),No-Fry Karela Crispies (Bitter Melon),Not Chinese.,3e3ab90f0f: Bitter Orange Compote,Bitter compote made with orange and honey,Not bitter melon.,6c723a95a8: Bitter Herbs Salad,Bitter herbs salad,Not bitter melon.,,,
Give me a non-spicy hot pot recipe,1,0,1,0,0,0,0,9c5be89ab9: Liver Hot Pot,Hot pot that is not spicy,,4c1f89784f: Spicy Oriental Hot Pot,spicy hot pot with pork and pepper,It is spicy.,0192788e7c: Spicy hot chocolate,Spicy hot chocolate,It is spicy.,9a95588667: Spicy Hot Nuts,Nuts made with almond and chili powder,Not hot pot.,9e89d96daa: Hot and Spicy Ribs,Hot and spicy ribs,Not hot pot.,,,
Give me a recommendation for drinks that people bring to the gym,0,1,0,0,0,0,0,324c406768: High Calorie Fruit Smoothie,High calorie smoothie made with fruit ,,0393e262d5: Pina Colada Drink Low Calorie High Protein,Pina colada drink low calorie high protein,Not high in calories.,1103ea2a92: Low-Calorie Okara Tart,Low calorie okara tart,Not high in calories.,884fcfa1eb: Low Calorie Chocolate Chip Cookies,Low calorie chocolate chip cookies,Not high in calories.,1782c866d2: Salad,Salad made with fruit,Not a drink recipe.,,,
I want a cold lunch,0,0,1,0,0,0,0,51c55a401e: Cold Taco Salad,Taco salad with vegetables,,7013f45ec8: Steak Fingers for Rare Steak Lovers,"Steak Fingers made with sirloin steaks, flour, and pepper",Not cold.,262878bbe2: Korean Hot Pot,Korean style hot pot made with vegetables,Not cold.,832a8fdbf9: Melted Ice Cream Iced Coffee,Iced coffee made with cold coffee and ice cream,Not lunch.,28c611a898: Boiled Dinner,Boiled dinner made with chicken,Not cold.,,,
How to make fried seafood dish?,0,0,0,0,0,0,0,19e1dc5320: Deep Fried Seafood Recipe,Deep fried seafood,,0c78993db7: Seafood Curry,"Curry made with cooked seafood, flour, and vegetables",Not fried.,00213949a9: Un-fried French Fries,Un-fried French fries,Not fried.,09438950b4: Stir fry chicken,Stir fry chicken with vegetables,Not seafood.,a3d0d89b38: Refreshing Water,Juice made with orange,Not seafood.,,,
Do you have an idea for a vegetarian picnic?,0,0,0,0,0,0,0,97831761b5: Picnic Pasta Salad (Vegan),Pasta Salad made with vegetables,,2f70468943: Meat Cakes,Cake made with ground beef,Vegetarians don't eat beef.,8479a668af: Picnic Chicken,"Picnic chicken made with chicke, sugar, ginger powder, and salt",Vegetarians don't eat chicken.,8f6e08bad4: Picnic Sausage,picnic sausage made with ground beef and sausage,Vegetarians don't eat beef.,40a1912e8e: Picnic Beans,Beans with ground beef,Vegetarians don't eat beef.,,,
Is there anything I could drink to help with my high blood pressure?,0,1,0,0,0,0,0,4e9897f093: Broccoli Soup,Broccoli soup with low sodium chicken broth,,0caba61123: Blood Sugar Lowering Salad,Salad that can lower the blood sugar level,Not a drink recipe.,1685189720: Blood Orange Cheesecake,Cheesecake with blood orange,Not a drink recipe.,a35fa08560: Orange Drink,A drink made with orange juice,,3f120df9d5: Vodka Water,A drink made with Vodka and orange,Not lowering the blood pressure.,,,
I'm craving a large burger with a juicy beef patty,1,1,0,0,0,0,0,0d22436952: Juicy Burger,succulent burger with ground beef and sauce,,068f2be85e: Juicy Fruit Pie,"Juicy pie made with peaches, blueberries, and lemon juice",Not burger.,41a92df7fb: Au Jus,sauce made from the pan drippings of cooked beef,Not burger.,459268974f: Burger Buns,"Burger buns made with flour, baking soda, water, salt, and butter",Not burger.,38f4969494: Berbere Recipe,Ethiopian berbere spice,Not burger.,,,
Give me a Post-workout recovery recipe,0,1,1,0,0,0,0,"0b581f2f5a: Fabulous Low Fat, High Carb Soup",soup made with ground turkey that is low fat and high carb ,,2f49826fdd: Cornbread-low Carb,low-carb cornbread,Low carbohydrate content.,9552625d0c: Low Carb Wraps,Wraps that are low in carb,Low carbohydrate content.,40489cf028: Low Carb Pizza,Low carb pizza,Low carbohydrate content.,06051d0091: Low Carb Flatbread,Low carb flatbread,Low carbohydrate content.,,,
I'm craving asian style meat pancakes,1,0,1,0,0,0,0,5c0b92f270: Meat Pancakes,Pancakes with chicken breast and vegetables,,280c99ac07: Vegetable-Potato Pancakes,Vegetable based potato pancakes,No meat was used in the recipe.,2ce364b967: Vegan Pancakes,Pancakes made with vegetables,No meat was used in the recipe.,17b3df5090: Vegan Pumpkin Pancakes,Vegan pumpkin pancakes,No meat was used in the recipe.,506c8fe859: Pizza Grilled Pizza,Pizza with chicken breast,Not a pancake recipe.,,,
My father likes spicy food and I wanted to find a beef recipe that I could make for our family gathering this week.,1,1,0,0,0,0,0,3acdf64c3b: Spicy Corned Beef,Corned beef with chili sauce,,4eb6107a1f: Sweet and Sour Beef,Sweet and sour beef,Not spicy.,8df18fda8c: Sweet BBQ Beef Kabobs,Sweet BBQ Beef Kabobs,Not spicy.,1a9a4191e5: Spicy Chicken Fajitas,Spicy Chicken Fajitas,Not beef.,43f4928c1d: Spicy Chicken,Spicy chicken with chili oil,Not beef.,,,
I want a soup that is a good for my bones since I have Osteoporosis,0,1,0,0,0,0,0,39fdf87117: Calcium Rich: Broccoli Bean Soup Recipe,Calcium rich soup made with broccoli and beans,,7ca59394d4: Super Calcium-Fortified Toast for Breakfast,High calcium toast recipe for breakfast,Not a drink recipe.,532d89bc16: Low-Cal Potato Casserole,Low-Cal Potato Casserole,Not a drink recipe.,8819bff596: Calcium-Rich Daikon Radish Salad,Calcium rich daikon radish salad,Not a drink recipe.,1c17776930: Hot Drinking Chocolate,Hot drinking chocolate,Not related to healthy aging.,,,
I want a vitamin-rich salad,1,0,1,0,0,0,0,349b73482f: Vitamin Rich Potato Salad,potato salad with extra virgin olive oil dressing,,21f1dcdcff: Vitamin Rich Vegetable Soup,Vitamin rich soup made with vegetables,Not salad.,9f311a1174: Vitamin Packed Smoothie,"Vitamin packed smoothies made with cranberries, carrot, mango, strawberries, and cantaloupe",Not salad.,09168c9cae: Homemade Vitamin Water,Vitamin drink made with cucumbers and lemon,Not salad.,9d5f95bba8: Vita-B Chicken Burgers,Vita-B packed chicken burgers,Not salad.,,,
I want grain allergy friendly cookies,0,0,0,0,0,0,0,691fb65c17: Grain-Free Peanut Butter Cookies,"Grain free cookies made with flour, peanut and eggs",,6ad3855d29: Grain Burgers,"Grain burgers made with whole wheat flour, rice, and vegetables",Not grain allergy friendly.,60c97f7867: Gluten Free Whole Grain Bread,Gluten free whole grain bread,Not grain allergy friendly.,1978bd70c4: Grain Free Banana Bread,"Grain free bread made with banana, almond flour, and eggs",Not a cookie recipe.,1faacb1f30: Whole Grain Pancakes,Pancake made with whole wheat flour,Not grain allergy friendly.,,,
"I want a beef stew with at least two different vegetables""",1,0,1,1,0,0,0,19377fae88: Beef Stew,"Beef stew made with beef, carrots and potatoes",,a874748867: Beef Burger Pie With Cheese Puff Recipe,pie with carrots and ground beef,Not a stew.,90557eb775: Very Juicy Beef Burger,Burger made with potatoes and ground beef,Not a stew.,8c69262176: Chicken Stew,"Stew made with chicken thighs, potatoes, and chicken broth",No beef was used in the recipe.,75ec9199c3: Thick Potato Soup,Thick potato soup,No beef was used in the recipe.,,,
I want to make dinner rolls that is not plain/ with some flavour in it,1,1,1,0,0,0,0,1aa15dee27: Orange Dinner Rolls,"orange dinner rolls made with flour, sugar, eggs, and orange zest",,67788618d7: A Fluffy Cocoa Swiss Roll Sponge,A fluffy cocoa Swiss roll sponge recipe,Not a dinner roll.,1fd85d0dcc: California Rolls and Seattle Rolls,California Rolls and Seattle Rolls,Not a dinner roll.,7c38687b66: Fluffy Dinner Rolls,regular dinner rolls with honey,It is plain.,4cf5818e26: Dinner Waffles,Dinner Waffles with deli turkey,Not a dinner roll.,,,
I have some extra milk and I want to use it for baking,0,0,0,0,0,0,0,89dc6dc2c5: Pasta Bake,"Baked pasta made with pasta, flour, milk, butter, cheese, parmesan cheese, and ham",,17964c7c95: Chocolate Milk,Milk blended with chocolate syrup,Not baked.,a8fe9e0932: Strawberry milk shake,Strawberry milk shake,Not baked.,905836fb44: Milk Ice Cream with Gum Mastic and Rose Water,Milk Ice Cream with Gum Mastic and Rose Water,Not baked.,5c33fac128: Soy Milk and Fruit Smoothie,Soy Milk and Fruit Smoothie,Not baked.,,,
"This season's beauty pageant is over, I am craving a greasy taco.",1,1,1,0,0,0,0,34e43ad759: Crunchy Greasy Beefy Potato Tacos,Crunchy Greasy Beefy Potato Tacos,,3adff3266f: Greasy Chicken,Greasy chicken made with chicken thighs and soy sauces,Not taco.,8ca07a878a: Fried Liver and Bacon With Fried Onions,Fried liver and bacon with fried Onions,Not taco.,33af07791c: Taco Bell Taco Sauce,Recipe for Taco Bell Taco hot sauce,Not taco.,8287462632: Baked Beef and Rice Bake,Baked beef and rice,Not taco.,,,
I want a kebab that isn't meat,1,0,1,0,0,0,0,0047cc5fcd: Fruit Kebabs,"Kebabs with fresh strawberries, kiwi, bananas, and pineapple",,325f2defff: Vegetable Kebabs,Kebabs with mixed vegetables,No fruit was used in the recipe.,"911092213d: Fruited Water (Apples, Oranges and Strawberries)","Fruit drink with Apples, Oranges and Strawberries",Not a kebab recipe.,790befb273: Spicy Meat Kebabs,Spicy meat Kebabs,No fruit was used in the recipe.,3fbee18505: West African Meat Kebabs,West African meat Kebabs,No fruit was used in the recipe.,,,
I'm craving an egg-based dessert,0,0,1,0,0,0,0,22792eaae8: Simple Dessert Egg Rolls,"Egg rolls made with egg roll wraps, cream cheese, and sugar ",,102eaa3ef9: Egg Noodles With Chicken and Water Chestnuts,Egg Noodles With Chicken and Water Chestnuts,Not a dessert.,24e7d1504e: Guilt Free Eggs With Curry and Water Chestnuts,Guilt Free Eggs With Curry and Water Chestnuts,Not a dessert.,0c5fbcfcdc: Pumpkin Dessert,Dessert made with pumpkin and sugar,No eggs were used in the recipe.,34bb2c06e1: Strawberry Granita Dessert With Rose Water,Strawberry Granita Dessert With Rose Water,No eggs were used in the recipe.,,,
,,,,,,,,,,,,,,,,,,,,,,,,,
,,,,,,,,,,,,,,,,,,,,,,,,,
,,,,,,,,,,,,,,,,,,,,,,,,,
,,,,,,,,,,,,,,,,,,,,,,,,,
,,,,,,,,,,,,,,,,,,,,,,,,,
,,,,,,,,,,,,,,,,,,,,,,,,,
,,,,,,,,,,,,,,,,,,,,,,,,,
,,,,,,,,,,,,,,,,,,,,,,,,,
,,,,,,,,,,,,,,,,,,,,,,,,,
,,,,,,,,,,,,,,,,,,,,,,,,,